{
  "project_info": {
    "project_number": "915631401061",
    "project_id": "stackmobile-413d7",
    "storage_bucket": "stackmobile-413d7.appspot.com"
  },
  "client": [
    {
      "client_info": {
        "mobilesdk_app_id": "1:915631401061:android:eaacf3a656068d1d6a3e8c",
        "android_client_info": {
          "package_name": "com.andressa.stackmobile"
        }
      },
      "oauth_client": [],
      "api_key": [
        {
          "current_key": "AIzaSyALEi7Vi2ZLVzV4woq3xWZJv7gOLKgV9K0"
        }
      ],
      "services": {
        "appinvite_service": {
          "other_platform_oauth_client": []
        }
      }
    }
  ],
  "configuration_version": "1"
}